Id,Rating
1,0.0
2,0.1547652844079196
3,0.6068270617748253
4,0.7976731042258725
5,1.2030030714187456
6,0.9751888237668056
7,0.0
8,0.0
9,0.0
10,1.447320478040625
